timestamp,open,high,low,close,volume
2026-01-20 14:30:00+00:00,610.530029296875,612.27001953125,610.489990234375,611.75,2320135
2026-01-20 14:33:00+00:00,611.739990234375,612.3099975585938,610.3300170898438,612.3099975585938,1000148
2026-01-20 14:36:00+00:00,612.2899780273438,613.2899780273438,611.3499755859375,611.7000122070312,857504
2026-01-20 14:39:00+00:00,611.7100219726562,612.7899780273438,611.385009765625,611.9500122070312,996910
2026-01-20 14:42:00+00:00,611.97998046875,612.1500244140625,610.5999755859375,612.1500244140625,741995
2026-01-20 14:45:00+00:00,612.14501953125,612.8900146484375,611.6900024414062,612.1599731445312,736072
2026-01-20 14:48:00+00:00,612.2100219726562,612.280029296875,611.1799926757812,611.719970703125,670633
2026-01-20 14:51:00+00:00,611.719970703125,613.594970703125,611.4400024414062,613.3599853515625,665550
2026-01-20 14:54:00+00:00,613.3699951171875,613.52001953125,612.5850219726562,612.656982421875,503588
2026-01-20 14:57:00+00:00,612.6400146484375,613.030029296875,611.9000244140625,612.6798706054688,557810
2026-01-20 15:00:00+00:00,612.60009765625,613.510009765625,611.969970703125,612.030029296875,551992
2026-01-20 15:03:00+00:00,612.02001953125,612.3699951171875,611.4099731445312,611.6400146484375,541148
2026-01-20 15:06:00+00:00,611.6599731445312,612.5399780273438,611.5499877929688,612.3800048828125,487496
2026-01-20 15:09:00+00:00,612.4000244140625,612.5,611.02001953125,611.2899780273438,616191
2026-01-20 15:12:00+00:00,611.2899780273438,611.9600219726562,611.1699829101562,611.5499267578125,495015
2026-01-20 15:15:00+00:00,611.5599975585938,611.8847045898438,611.219970703125,611.47998046875,440401
2026-01-20 15:18:00+00:00,611.4500122070312,612.02001953125,611.02001953125,611.0499877929688,555719
2026-01-20 15:21:00+00:00,611.0599975585938,612.719970703125,610.8900146484375,612.7100219726562,727851
2026-01-20 15:24:00+00:00,612.719970703125,613.1699829101562,612.4299926757812,612.5399780273438,822183
2026-01-20 15:27:00+00:00,612.52001953125,613.469970703125,612.47998046875,613.1500244140625,633394
2026-01-20 15:30:00+00:00,613.1400146484375,613.510009765625,612.97998046875,613.39501953125,469756
2026-01-20 15:33:00+00:00,613.4099731445312,614.02001953125,613.280029296875,613.7097778320312,490576
2026-01-20 15:36:00+00:00,613.7100219726562,614.2000122070312,613.5599975585938,614.0700073242188,9625961
2026-01-20 15:39:00+00:00,614.0599975585938,614.1699829101562,613.3800048828125,613.8486938476562,378437
2026-01-20 15:42:00+00:00,613.8499755859375,614.780029296875,613.719970703125,614.280029296875,387934
2026-01-20 15:45:00+00:00,614.280029296875,614.3400268554688,613.8499755859375,613.9600219726562,571394
2026-01-20 15:48:00+00:00,613.97998046875,614.0900268554688,613.1400146484375,613.25,416353
2026-01-20 15:51:00+00:00,613.25,613.3099975585938,612.4400024414062,612.6099853515625,541666
2026-01-20 15:54:00+00:00,612.6099853515625,613.2100219726562,612.5399780273438,612.7999877929688,395330
2026-01-20 15:57:00+00:00,612.7899780273438,612.7899780273438,612.3099975585938,612.5700073242188,10881868
2026-01-20 16:00:00+00:00,612.5800170898438,613.9199829101562,612.52001953125,613.7899780273438,351688
2026-01-20 16:03:00+00:00,613.7999877929688,614.5150146484375,613.5499877929688,613.8099975585938,432632
2026-01-20 16:06:00+00:00,613.8099975585938,614.0,613.4500122070312,613.8699951171875,431423
2026-01-20 16:09:00+00:00,613.8800048828125,614.27001953125,613.8300170898438,614.1900024414062,316276
2026-01-20 16:12:00+00:00,614.1799926757812,615.0399780273438,614.1599731445312,614.5599975585938,365094
2026-01-20 16:15:00+00:00,614.5499877929688,614.7949829101562,613.9199829101562,614.0999755859375,530495
2026-01-20 16:18:00+00:00,614.1199951171875,614.3699951171875,613.8800048828125,613.9299926757812,268029
2026-01-20 16:21:00+00:00,613.9000244140625,614.3400268554688,613.8200073242188,614.1199951171875,216158
2026-01-20 16:24:00+00:00,614.1199951171875,614.4199829101562,613.2750244140625,613.2999877929688,275640
2026-01-20 16:27:00+00:00,613.2899780273438,613.760009765625,612.77001953125,613.510009765625,372594
2026-01-20 16:30:00+00:00,613.5700073242188,614.530029296875,613.530029296875,613.8800048828125,351737
2026-01-20 16:33:00+00:00,613.8800048828125,614.5,613.6799926757812,614.3200073242188,208291
2026-01-20 16:36:00+00:00,614.3099975585938,614.760009765625,614.1300048828125,614.3699951171875,220275
2026-01-20 16:39:00+00:00,614.4000244140625,614.97998046875,614.3400268554688,614.9500732421875,197162
2026-01-20 16:42:00+00:00,614.9400024414062,615.0499877929688,613.5399780273438,613.5598754882812,316708
2026-01-20 16:45:00+00:00,613.5599975585938,613.5900268554688,613.02001953125,613.0700073242188,318481
2026-01-20 16:48:00+00:00,613.0599975585938,613.52001953125,613.0,613.139892578125,298627
2026-01-20 16:51:00+00:00,613.1199951171875,614.2899780273438,613.0900268554688,613.2999877929688,501695
2026-01-20 16:54:00+00:00,613.2999877929688,613.3599853515625,612.8400268554688,613.0549926757812,280130
2026-01-20 16:57:00+00:00,613.0499877929688,614.4600219726562,612.8499755859375,614.4000244140625,497185
2026-01-20 17:00:00+00:00,614.4099731445312,614.6699829101562,613.9100952148438,614.2999877929688,13730235
2026-01-20 17:03:00+00:00,614.2999877929688,614.5,613.969970703125,614.1900024414062,309832
2026-01-20 17:06:00+00:00,614.1900024414062,614.4199829101562,613.9099731445312,614.3400268554688,13904096
2026-01-20 17:09:00+00:00,614.2899780273438,614.4099731445312,613.3900146484375,613.4299926757812,230916
2026-01-20 17:12:00+00:00,613.4400024414062,613.6400146484375,613.02001953125,613.52001953125,256202
2026-01-20 17:15:00+00:00,613.5,613.8200073242188,613.3200073242188,613.6400146484375,242342
2026-01-20 17:18:00+00:00,613.6199951171875,613.6500244140625,612.969970703125,613.02001953125,200149
2026-01-20 17:21:00+00:00,613.02001953125,613.25,612.8599853515625,612.9400024414062,236845
2026-01-20 17:24:00+00:00,612.9400024414062,613.1300048828125,612.72998046875,612.7899780273438,209853
2026-01-20 17:27:00+00:00,612.77001953125,613.1300048828125,612.75,612.9099731445312,240175
2026-01-20 17:30:00+00:00,612.9000244140625,612.9500122070312,612.3499755859375,612.5800170898438,329626
2026-01-20 17:33:00+00:00,612.5800170898438,612.5800170898438,612.0599975585938,612.1900024414062,234904
2026-01-20 17:36:00+00:00,612.2000122070312,612.22998046875,611.8499755859375,612.0999755859375,235242
2026-01-20 17:39:00+00:00,612.0800170898438,612.5700073242188,611.8200073242188,612.219970703125,357174
2026-01-20 17:42:00+00:00,612.219970703125,612.8099975585938,612.1599731445312,612.239990234375,321291
2026-01-20 17:45:00+00:00,612.239990234375,612.27001953125,611.2999877929688,611.3200073242188,358436
2026-01-20 17:48:00+00:00,611.2899780273438,611.6099853515625,611.10302734375,611.2550048828125,422096
2026-01-20 17:51:00+00:00,611.25,611.3699951171875,611.0701904296875,611.1400146484375,224856
2026-01-20 17:54:00+00:00,611.1500244140625,611.75,610.9000244140625,611.5700073242188,601329
2026-01-20 17:57:00+00:00,611.5399780273438,611.989990234375,611.3699951171875,611.7999877929688,210935
2026-01-20 18:00:00+00:00,611.780029296875,611.9099731445312,611.5999755859375,611.639892578125,191730
2026-01-20 18:03:00+00:00,611.6400146484375,612.2100219726562,611.6400146484375,611.8400268554688,190710
2026-01-20 18:06:00+00:00,611.8200073242188,611.9199829101562,611.530029296875,611.5700073242188,296060
2026-01-20 18:09:00+00:00,611.5599975585938,611.75,611.3619995117188,611.4000244140625,15915520
2026-01-20 18:12:00+00:00,611.4000854492188,611.9299926757812,611.3200073242188,611.47998046875,86546
2026-01-20 18:15:00+00:00,611.4901123046875,611.6300048828125,611.3699951171875,611.4199829101562,104802
2026-01-20 18:18:00+00:00,611.4099731445312,611.6300048828125,611.22998046875,611.25,94074
2026-01-20 18:21:00+00:00,611.2496948242188,611.4000244140625,610.9500122070312,611.0650024414062,200064
2026-01-20 18:24:00+00:00,611.0700073242188,611.0800170898438,610.7650146484375,610.8699951171875,125213
2026-01-20 18:27:00+00:00,610.8800048828125,611.010009765625,610.6400146484375,610.7999877929688,189407
2026-01-20 18:30:00+00:00,610.8099975585938,610.9099731445312,610.530029296875,610.5551147460938,177548
2026-01-20 18:33:00+00:00,610.5549926757812,610.8099975585938,610.030029296875,610.14501953125,352407
2026-01-20 18:36:00+00:00,610.1400146484375,610.4299926757812,609.8900146484375,609.969970703125,372475
2026-01-20 18:39:00+00:00,609.9600219726562,610.0999755859375,609.77001953125,609.8099975585938,276134
2026-01-20 18:42:00+00:00,609.8200073242188,610.1599731445312,609.5700073242188,609.909912109375,357028
2026-01-20 18:45:00+00:00,609.9099731445312,609.9598999023438,609.6300048828125,609.9199829101562,188461
2026-01-20 18:48:00+00:00,609.9099731445312,610.02001953125,609.719970703125,609.8049926757812,335692
2026-01-20 18:51:00+00:00,609.8049926757812,609.9600219726562,609.22998046875,609.3699951171875,355719
2026-01-20 18:54:00+00:00,609.3699951171875,609.3997192382812,608.8204956054688,608.969970703125,331364
2026-01-20 18:57:00+00:00,608.9600219726562,609.9500122070312,608.9600219726562,609.75,365982
2026-01-20 19:00:00+00:00,609.760009765625,610.1300048828125,609.3900146484375,610.02001953125,275730
2026-01-20 19:03:00+00:00,610.02001953125,610.0399780273438,609.6300048828125,609.760009765625,216824
2026-01-20 19:06:00+00:00,609.75,609.969970703125,609.5700073242188,609.8099975585938,219529
2026-01-20 19:09:00+00:00,609.8181762695312,609.8400268554688,609.3049926757812,609.4500732421875,259181
2026-01-20 19:12:00+00:00,609.4500122070312,609.6199951171875,609.1799926757812,609.2901000976562,204455
2026-01-20 19:15:00+00:00,609.2899780273438,609.510009765625,609.02001953125,609.2100219726562,347758
2026-01-20 19:18:00+00:00,609.2000122070312,609.3200073242188,608.7100219726562,608.760009765625,259795
2026-01-20 19:21:00+00:00,608.75,609.0999755859375,608.7100219726562,608.7899780273438,258495
2026-01-20 19:24:00+00:00,608.7899780273438,608.9000244140625,608.5599975585938,608.7999877929688,218541
2026-01-20 19:27:00+00:00,608.77001953125,608.77001953125,608.2999877929688,608.489990234375,211302
2026-01-20 19:30:00+00:00,608.47998046875,608.6041870117188,608.239990234375,608.260009765625,223176
2026-01-20 19:33:00+00:00,608.25,608.4199829101562,607.9199829101562,607.97998046875,474892
2026-01-20 19:36:00+00:00,607.989990234375,608.2000122070312,607.780029296875,607.8800048828125,377821
2026-01-20 19:39:00+00:00,607.8699951171875,608.6900024414062,607.8300170898438,608.614990234375,280293
2026-01-20 19:42:00+00:00,608.6099853515625,609.0280151367188,608.4400024414062,608.5399780273438,279918
2026-01-20 19:45:00+00:00,608.52001953125,608.5700073242188,608.1199951171875,608.1900024414062,257123
2026-01-20 19:48:00+00:00,608.1799926757812,608.6199951171875,608.1300048828125,608.489990234375,177771
2026-01-20 19:51:00+00:00,608.5,608.5800170898438,608.219970703125,608.3300170898438,226578
2026-01-20 19:54:00+00:00,608.3499755859375,608.9400024414062,608.3300170898438,608.864990234375,248688
2026-01-20 19:57:00+00:00,608.8599853515625,608.969970703125,608.4099731445312,608.6799926757812,196349
2026-01-20 20:00:00+00:00,608.6799926757812,608.8699951171875,608.4600219726562,608.489990234375,201511
2026-01-20 20:03:00+00:00,608.489990234375,608.7000122070312,608.39501953125,608.5,201771
2026-01-20 20:06:00+00:00,608.5250244140625,608.6599731445312,608.2501220703125,608.2587890625,220934
2026-01-20 20:09:00+00:00,608.27001953125,608.3400268554688,608.0700073242188,608.114990234375,175611
2026-01-20 20:12:00+00:00,608.1099853515625,608.5800170898438,607.9299926757812,608.1099853515625,386635
2026-01-20 20:15:00+00:00,608.0999755859375,608.1201171875,607.5599975585938,607.7199096679688,21775891
2026-01-20 20:18:00+00:00,607.6901245117188,608.75,607.5601196289062,608.0499877929688,748418
2026-01-20 20:21:00+00:00,608.0599975585938,608.3099975585938,607.530029296875,607.5999755859375,357155
2026-01-20 20:24:00+00:00,607.5999755859375,608.0,607.469970703125,607.7899780273438,337116
2026-01-20 20:27:00+00:00,607.7899780273438,607.969970703125,607.6300048828125,607.7437133789062,288150
2026-01-20 20:30:00+00:00,607.760009765625,608.2098999023438,607.5800170898438,607.6099853515625,371749
2026-01-20 20:33:00+00:00,607.6300048828125,608.1300048828125,607.6300048828125,608.1080932617188,297864
2026-01-20 20:36:00+00:00,608.0999755859375,608.10498046875,607.510009765625,608.02001953125,397643
2026-01-20 20:39:00+00:00,608.030029296875,608.1099853515625,607.3599853515625,607.4848022460938,261800
2026-01-20 20:42:00+00:00,607.47998046875,607.7034912109375,607.3099975585938,607.3599853515625,293546
2026-01-20 20:45:00+00:00,607.3400268554688,607.7100219726562,607.1900024414062,607.7000122070312,282855
2026-01-20 20:48:00+00:00,607.7164916992188,607.9400024414062,607.4990234375,607.6199951171875,715062
2026-01-20 20:51:00+00:00,607.6300048828125,607.905029296875,607.3699951171875,607.75,444815
2026-01-20 20:54:00+00:00,607.75,607.8499755859375,607.0599975585938,607.2999877929688,844808
2026-01-20 20:57:00+00:00,607.2999877929688,608.1099853515625,607.1300048828125,607.8499755859375,970436
2026-01-20 21:00:00+00:00,607.8400268554688,608.0900268554688,607.27001953125,608.0399780273438,1334276
2026-01-21 14:30:00+00:00,609.469970703125,609.97998046875,608.739990234375,609.9259033203125,4537910
2026-01-21 14:33:00+00:00,608.969970703125,610.1199951171875,608.3900146484375,608.5999755859375,628174
2026-01-21 14:36:00+00:00,608.5999755859375,609.4500122070312,608.2100219726562,608.5999755859375,764530
2026-01-21 14:39:00+00:00,608.6099853515625,610.0399780273438,608.5399780273438,609.280029296875,652968
2026-01-21 14:42:00+00:00,609.27001953125,609.3499755859375,607.863525390625,608.6400146484375,479106
2026-01-21 14:45:00+00:00,609.4400024414062,610.030029296875,608.64501953125,609.9503173828125,4899454
2026-01-21 14:48:00+00:00,609.9500122070312,610.469970703125,609.5599975585938,609.9099731445312,225899
2026-01-21 14:51:00+00:00,609.9199829101562,611.030029296875,609.8099975585938,610.9600830078125,361968
2026-01-21 14:54:00+00:00,610.989990234375,611.7349853515625,610.989990234375,611.7349853515625,406721
2026-01-21 14:57:00+00:00,611.7100219726562,612.510009765625,611.4400024414062,612.4400024414062,366972
2026-01-21 15:00:00+00:00,612.4000244140625,613.0,612.3699951171875,612.6950073242188,331791
2026-01-21 15:03:00+00:00,612.8800048828125,613.02001953125,612.3599853515625,612.8599853515625,297525
2026-01-21 15:06:00+00:00,612.8900146484375,612.9500122070312,612.3200073242188,612.5800170898438,347099
2026-01-21 15:09:00+00:00,612.6099853515625,612.739990234375,612.3300170898438,612.3900146484375,322242
2026-01-21 15:12:00+00:00,612.3800048828125,612.7299194335938,611.8900146484375,612.510009765625,381644
2026-01-21 15:15:00+00:00,612.52001953125,613.0499877929688,612.0800170898438,612.8599853515625,341803
2026-01-21 15:18:00+00:00,612.8900146484375,613.8599853515625,612.8400268554688,613.1519775390625,7027740
2026-01-21 15:21:00+00:00,613.176025390625,613.2899780273438,612.5599975585938,612.8699951171875,393838
2026-01-21 15:24:00+00:00,612.8298950195312,613.52001953125,612.4500122070312,613.4400024414062,256508
2026-01-21 15:27:00+00:00,613.4500122070312,613.75,613.1699829101562,613.530029296875,224134
2026-01-21 15:30:00+00:00,613.489990234375,614.1900024414062,613.260009765625,614.1300048828125,315776
2026-01-21 15:33:00+00:00,614.1500244140625,614.9099731445312,614.1300048828125,614.860107421875,7493267
2026-01-21 15:36:00+00:00,614.8800048828125,615.5700073242188,614.6292724609375,615.3900146484375,405831
2026-01-21 15:39:00+00:00,615.4000244140625,615.5900268554688,615.0399780273438,615.22998046875,367780
2026-01-21 15:42:00+00:00,615.22998046875,615.8400268554688,615.1500244140625,615.75,268396
2026-01-21 15:45:00+00:00,615.760009765625,616.0499877929688,615.4000244140625,615.9600219726562,263393
2026-01-21 15:48:00+00:00,615.97998046875,616.25,615.9199829101562,616.030029296875,474093
2026-01-21 15:51:00+00:00,616.0399780273438,616.4600219726562,615.969970703125,616.3049926757812,241403
2026-01-21 15:54:00+00:00,616.2899780273438,616.47998046875,615.9000244140625,616.4500122070312,246147
2026-01-21 15:57:00+00:00,616.41748046875,616.489990234375,615.8599853515625,616.1500244140625,385398
2026-01-21 16:00:00+00:00,616.239990234375,616.2600708007812,615.97998046875,616.030029296875,296206
2026-01-21 16:03:00+00:00,616.0599975585938,616.2333984375,615.8800048828125,615.97998046875,194408
2026-01-21 16:06:00+00:00,615.885009765625,616.260009765625,615.5,616.1400146484375,269678
2026-01-21 16:09:00+00:00,616.1300048828125,616.1500244140625,615.5800170898438,615.6799926757812,237812
2026-01-21 16:12:00+00:00,615.719970703125,616.619873046875,615.5499877929688,616.5499877929688,276705
2026-01-21 16:15:00+00:00,616.5549926757812,616.5549926757812,615.5900268554688,615.77001953125,211645
2026-01-21 16:18:00+00:00,615.7899780273438,616.1599731445312,615.719970703125,615.969970703125,133787
2026-01-21 16:21:00+00:00,615.9600219726562,616.0399780273438,615.52001953125,615.5800170898438,161303
2026-01-21 16:24:00+00:00,615.6300048828125,615.969970703125,615.4400024414062,615.8099975585938,240297
2026-01-21 16:27:00+00:00,615.7999877929688,615.8800048828125,615.3900146484375,615.530029296875,143751
2026-01-21 16:30:00+00:00,615.5499877929688,616.22998046875,615.3400268554688,615.3400268554688,225677
2026-01-21 16:33:00+00:00,615.3599853515625,615.4500122070312,614.719970703125,614.77001953125,443738
2026-01-21 16:36:00+00:00,614.7999877929688,614.8499755859375,614.030029296875,614.0399169921875,671186
2026-01-21 16:39:00+00:00,613.4299926757812,613.47998046875,612.7999877929688,612.8099975585938,585906
2026-01-21 16:42:00+00:00,612.8099975585938,613.0800170898438,612.1500244140625,612.9400024414062,590012
2026-01-21 16:45:00+00:00,612.9299926757812,613.0549926757812,611.530029296875,611.6500244140625,510590
2026-01-21 16:48:00+00:00,611.6599731445312,612.1467895507812,611.3200073242188,611.875,676480
2026-01-21 16:51:00+00:00,611.9199829101562,612.219970703125,610.9500122070312,610.9990234375,444405
2026-01-21 16:54:00+00:00,611.0,611.3900146484375,610.780029296875,611.1699829101562,330509
2026-01-21 16:57:00+00:00,611.1400146484375,611.2999877929688,610.3897705078125,610.489990234375,346921
2026-01-21 17:00:00+00:00,610.489990234375,610.8300170898438,610.0999755859375,610.8099975585938,469556
2026-01-21 17:03:00+00:00,610.780029296875,611.0863037109375,610.5399780273438,610.5599975585938,306296
2026-01-21 17:06:00+00:00,610.5700073242188,610.6300048828125,609.7000122070312,610.0499877929688,334940
2026-01-21 17:09:00+00:00,610.1199951171875,610.2899780273438,609.4099731445312,609.72998046875,290831
2026-01-21 17:12:00+00:00,609.6900024414062,610.0700073242188,608.7999877929688,608.8098754882812,282955
2026-01-21 17:15:00+00:00,608.7899780273438,608.9000244140625,608.219970703125,608.2501220703125,457508
2026-01-21 17:18:00+00:00,608.239990234375,609.469970703125,608.22998046875,609.4299926757812,459750
2026-01-21 17:21:00+00:00,609.4249877929688,609.9199829101562,609.0399780273438,609.22998046875,386972
2026-01-21 17:24:00+00:00,609.22998046875,610.1300048828125,609.02001953125,610.0399780273438,351962
2026-01-21 17:27:00+00:00,610.0399780273438,610.3685913085938,609.3900146484375,609.72998046875,288275
2026-01-21 17:30:00+00:00,609.6900024414062,609.97998046875,609.1900024414062,609.3300170898438,181197
2026-01-21 17:33:00+00:00,609.3400268554688,609.6599731445312,609.02001953125,609.405029296875,157849
2026-01-21 17:36:00+00:00,609.4500122070312,609.969970703125,609.1799926757812,609.6199951171875,171955
2026-01-21 17:39:00+00:00,609.6199951171875,609.9296264648438,608.9201049804688,609.6300048828125,232247
2026-01-21 17:42:00+00:00,609.6300048828125,610.030029296875,609.3599853515625,609.5499877929688,221782
2026-01-21 17:45:00+00:00,609.489990234375,609.72998046875,608.989990234375,609.02001953125,170560
2026-01-21 17:48:00+00:00,609.030029296875,609.780029296875,608.8499755859375,609.3800048828125,196515
2026-01-21 17:51:00+00:00,609.4000244140625,609.77001953125,609.1400146484375,609.7310180664062,245605
2026-01-21 17:54:00+00:00,609.739990234375,610.6506958007812,609.6900024414062,610.530029296875,306788
2026-01-21 17:57:00+00:00,610.3499755859375,610.739990234375,610.1300048828125,610.739990234375,262844
2026-01-21 18:00:00+00:00,610.75,611.0501098632812,609.9199829101562,609.9500122070312,255779
2026-01-21 18:03:00+00:00,609.9199829101562,609.9600219726562,608.4168701171875,608.6309814453125,232923
2026-01-21 18:06:00+00:00,608.6500244140625,609.4299926757812,608.4400024414062,609.3099975585938,308203
2026-01-21 18:09:00+00:00,609.3200073242188,609.48876953125,608.8300170898438,609.3400268554688,221484
2026-01-21 18:12:00+00:00,609.3499755859375,610.780029296875,609.3099975585938,610.719970703125,276880
2026-01-21 18:15:00+00:00,610.3599853515625,610.7999877929688,610.094970703125,610.1699829101562,224903
2026-01-21 18:18:00+00:00,610.1600952148438,610.5198974609375,609.9400024414062,610.0330200195312,164154
2026-01-21 18:21:00+00:00,610.030029296875,610.1199951171875,609.3660278320312,609.780029296875,169387
2026-01-21 18:24:00+00:00,609.75,610.02001953125,609.219970703125,609.3699951171875,16746685
2026-01-21 18:27:00+00:00,609.3900146484375,610.219970703125,609.27001953125,610.0999755859375,114112
2026-01-21 18:30:00+00:00,610.0700073242188,610.6099853515625,610.0599975585938,610.469970703125,159053
2026-01-21 18:33:00+00:00,610.4600219726562,610.8796997070312,610.3800048828125,610.72998046875,158340
2026-01-21 18:36:00+00:00,610.780029296875,610.9650268554688,610.4000244140625,610.4000244140625,165355
2026-01-21 18:39:00+00:00,610.3800048828125,610.4299926757812,609.72998046875,610.39990234375,143459
2026-01-21 18:42:00+00:00,610.4000244140625,610.530029296875,609.97998046875,610.155029296875,108825
2026-01-21 18:45:00+00:00,610.11279296875,610.260009765625,609.7000122070312,609.7100219726562,97809
2026-01-21 18:48:00+00:00,609.719970703125,611.1099853515625,609.7100219726562,610.8900146484375,197945
2026-01-21 18:51:00+00:00,610.9099731445312,611.8599853515625,610.8499755859375,611.7349853515625,258660
2026-01-21 18:54:00+00:00,611.7249755859375,611.8400268554688,611.469970703125,611.6599731445312,192754
2026-01-21 18:57:00+00:00,611.6400146484375,611.6400146484375,610.9099731445312,611.0499877929688,164736
2026-01-21 19:00:00+00:00,611.0700073242188,611.75,611.010009765625,611.530029296875,139522
2026-01-21 19:03:00+00:00,611.530029296875,611.8800048828125,611.1500244140625,611.1699829101562,123557
2026-01-21 19:06:00+00:00,611.1951293945312,611.2100219726562,610.3599853515625,610.7999877929688,200131
2026-01-21 19:09:00+00:00,610.8099975585938,610.9199829101562,610.5800170898438,610.6699829101562,113741
2026-01-21 19:12:00+00:00,610.75,610.7899780273438,610.4600219726562,610.6599731445312,177632
2026-01-21 19:15:00+00:00,610.6500244140625,611.0399780273438,610.5499877929688,610.5499877929688,168963
2026-01-21 19:18:00+00:00,610.7999267578125,610.9600219726562,610.3900146484375,610.6837158203125,119912
2026-01-21 19:21:00+00:00,610.7100219726562,611.07080078125,610.5499877929688,610.5800170898438,130620
2026-01-21 19:24:00+00:00,610.5700073242188,611.4400024414062,610.47998046875,611.340087890625,187177
2026-01-21 19:27:00+00:00,611.3400268554688,613.6500244140625,610.9149780273438,613.52001953125,552323
2026-01-21 19:30:00+00:00,614.5,616.280029296875,614.5,616.280029296875,1442727
2026-01-21 19:33:00+00:00,615.5,615.7899780273438,615.1599731445312,615.22998046875,20022912
2026-01-21 19:36:00+00:00,615.2100219726562,616.5499877929688,615.1699829101562,616.4099731445312,704857
2026-01-21 19:39:00+00:00,616.4000244140625,617.2999877929688,616.1500244140625,616.9949951171875,651508
2026-01-21 19:42:00+00:00,617.0399780273438,618.1300048828125,616.5800170898438,618.1300048828125,673883
2026-01-21 19:45:00+00:00,618.1199951171875,618.9199829101562,617.7401123046875,618.9199829101562,525461
2026-01-21 19:48:00+00:00,618.8300170898438,619.7000122070312,618.7899780273438,619.3800048828125,988494
2026-01-21 19:51:00+00:00,619.3699951171875,620.280029296875,618.510009765625,618.5850219726562,899910
2026-01-21 19:54:00+00:00,618.5999755859375,619.6599731445312,618.4299926757812,619.3099975585938,789015
2026-01-21 19:57:00+00:00,619.2901000976562,620.0,619.1799926757812,619.760009765625,365503
2026-01-21 20:00:00+00:00,620.0689697265625,620.4199829101562,619.5800170898438,619.6420288085938,552877
2026-01-21 20:03:00+00:00,619.6099853515625,619.7899780273438,619.0,619.5399780273438,533856
2026-01-21 20:06:00+00:00,619.5399780273438,619.6699829101562,619.0399780273438,619.1799926757812,275764
2026-01-21 20:09:00+00:00,619.1806030273438,619.3699951171875,618.510009765625,619.0999755859375,426170
2026-01-21 20:12:00+00:00,619.0800170898438,619.3800048828125,618.7166748046875,619.1749877929688,261007
2026-01-21 20:15:00+00:00,619.0700073242188,619.2899780273438,618.3800048828125,618.47998046875,315993
2026-01-21 20:18:00+00:00,618.4600219726562,618.6099853515625,617.9299926757812,617.9299926757812,442553
2026-01-21 20:21:00+00:00,617.9299926757812,618.3099975585938,617.5650024414062,617.6099853515625,340003
2026-01-21 20:24:00+00:00,617.8300170898438,618.010009765625,617.3599853515625,617.75,24946946
2026-01-21 20:27:00+00:00,617.760009765625,617.760009765625,617.1500244140625,617.1900024414062,307677
2026-01-21 20:30:00+00:00,617.1699829101562,617.1701049804688,615.8900146484375,615.9500732421875,409504
2026-01-21 20:33:00+00:00,615.9500122070312,616.9400024414062,615.52001953125,616.8699951171875,673329
2026-01-21 20:36:00+00:00,616.8599853515625,617.1500244140625,616.6300048828125,616.9500122070312,449613
2026-01-21 20:39:00+00:00,616.9400024414062,617.1900024414062,616.6699829101562,616.72998046875,25961156
2026-01-21 20:42:00+00:00,616.739990234375,617.02001953125,616.260009765625,616.4949951171875,247004
2026-01-21 20:45:00+00:00,616.469970703125,616.5999755859375,616.25,616.2999877929688,268485
2026-01-21 20:48:00+00:00,616.3099975585938,616.6400146484375,616.0999755859375,616.489990234375,255329
2026-01-21 20:51:00+00:00,616.469970703125,616.5999755859375,615.510009765625,615.7000122070312,26413192
2026-01-21 20:54:00+00:00,615.7000122070312,616.3499755859375,615.6950073242188,616.0999145507812,722495
2026-01-21 20:57:00+00:00,616.0900268554688,616.239990234375,615.739990234375,615.8800048828125,348578
2026-01-21 21:00:00+00:00,615.8800048828125,616.4400024414062,615.8300170898438,616.1099853515625,28357691
2026-01-22 14:30:00+00:00,622.3900146484375,622.3900146484375,621.0399780273438,621.22998046875,1257584
2026-01-22 14:33:00+00:00,621.1799926757812,621.7799072265625,620.8150024414062,621.0900268554688,660861
2026-01-22 14:36:00+00:00,621.10498046875,621.2999877929688,620.0700073242188,620.2100219726562,501038
2026-01-22 14:39:00+00:00,620.260009765625,621.530029296875,620.1199951171875,621.02001953125,496863
2026-01-22 14:42:00+00:00,621.030029296875,621.4299926757812,620.4600219726562,620.5,477365
2026-01-22 14:45:00+00:00,620.460205078125,620.7100219726562,619.5499877929688,620.1900024414062,574309
2026-01-22 14:48:00+00:00,620.1900024414062,620.1900024414062,618.5399780273438,618.6799926757812,506849
2026-01-22 14:51:00+00:00,618.6599731445312,619.530029296875,618.1500244140625,619.2600708007812,4092116
2026-01-22 14:54:00+00:00,619.2899780273438,619.9298706054688,619.0999755859375,619.8200073242188,247204
2026-01-22 14:57:00+00:00,619.0,619.969970703125,618.52001953125,618.619873046875,259879
2026-01-22 15:00:00+00:00,618.6099853515625,619.02001953125,617.8300170898438,618.280029296875,294508
2026-01-22 15:03:00+00:00,618.2899780273438,618.469970703125,617.9400024414062,618.25,216205
2026-01-22 15:06:00+00:00,618.280029296875,618.530029296875,617.780029296875,618.2630004882812,265056
2026-01-22 15:09:00+00:00,618.22998046875,618.469970703125,617.8099975585938,618.0349731445312,195087
2026-01-22 15:12:00+00:00,618.0700073242188,618.6699829101562,618.02001953125,618.3499755859375,295428
2026-01-22 15:15:00+00:00,618.3699951171875,618.9144287109375,617.969970703125,618.739990234375,253730
2026-01-22 15:18:00+00:00,618.75,619.0700073242188,617.8099975585938,618.3599853515625,280969
2026-01-22 15:21:00+00:00,618.4000244140625,619.22998046875,618.1900024414062,619.1599731445312,212769
2026-01-22 15:24:00+00:00,619.3599853515625,619.530029296875,618.0800170898438,618.0999755859375,508943
2026-01-22 15:27:00+00:00,618.0900268554688,619.1699829101562,617.9099731445312,619.02001953125,314505
2026-01-22 15:30:00+00:00,619.0513916015625,619.3400268554688,618.6300048828125,619.2999877929688,187569
2026-01-22 15:33:00+00:00,619.2550048828125,619.5399780273438,618.6699829101562,619.5,216735
2026-01-22 15:36:00+00:00,619.5048828125,620.0999755859375,619.469970703125,619.8900146484375,219337
2026-01-22 15:39:00+00:00,619.8637084960938,620.1799926757812,619.5900268554688,620.0999755859375,160889
2026-01-22 15:42:00+00:00,620.1199951171875,620.3070068359375,619.6799926757812,620.219970703125,151483
2026-01-22 15:45:00+00:00,620.22998046875,620.5399780273438,620.1599731445312,620.5349731445312,403487
2026-01-22 15:48:00+00:00,620.47998046875,620.7100219726562,620.3200073242188,620.489990234375,209672
2026-01-22 15:51:00+00:00,620.2348022460938,620.510009765625,619.5399780273438,619.8599853515625,262250
2026-01-22 15:54:00+00:00,619.8800048828125,620.1900024414062,619.6599731445312,619.739990234375,179701
2026-01-22 15:57:00+00:00,619.6799926757812,619.8099975585938,619.4299926757812,619.5682983398438,198810
2026-01-22 16:00:00+00:00,619.5599975585938,620.030029296875,619.3400268554688,619.989990234375,189338
2026-01-22 16:03:00+00:00,619.989990234375,620.0599975585938,619.6099853515625,619.760009765625,214252
2026-01-22 16:06:00+00:00,619.7941284179688,620.3200073242188,619.6599731445312,620.2999877929688,160856
2026-01-22 16:09:00+00:00,620.260009765625,620.2999877929688,619.77001953125,620.2391967773438,162814
2026-01-22 16:12:00+00:00,620.239990234375,620.6300048828125,619.9199829101562,620.4799194335938,146106
2026-01-22 16:15:00+00:00,620.47998046875,620.8350219726562,620.2899780273438,620.8099975585938,135645
2026-01-22 16:18:00+00:00,620.7999877929688,620.7999877929688,620.239990234375,620.52001953125,158340
2026-01-22 16:21:00+00:00,620.5499877929688,621.0499877929688,620.489990234375,620.9500732421875,146191
2026-01-22 16:24:00+00:00,620.9600219726562,621.1500244140625,620.8400268554688,621.010009765625,119498
2026-01-22 16:27:00+00:00,621.02001953125,621.260009765625,620.83251953125,621.219970703125,164198
2026-01-22 16:30:00+00:00,621.1900024414062,621.3298950195312,620.8800048828125,620.9188232421875,167018
2026-01-22 16:33:00+00:00,620.9400024414062,621.260009765625,620.7899780273438,620.9000244140625,120044
2026-01-22 16:36:00+00:00,620.9000244140625,621.1500244140625,620.72998046875,621.0,112312
2026-01-22 16:39:00+00:00,620.97998046875,621.159912109375,620.8800048828125,621.0700073242188,72010
2026-01-22 16:42:00+00:00,621.0484008789062,621.4299926757812,620.9600219726562,621.2230224609375,106173
2026-01-22 16:45:00+00:00,621.2490234375,621.469970703125,621.0999755859375,621.4199829101562,79604
2026-01-22 16:48:00+00:00,621.4299926757812,621.5,621.2100219726562,621.3400268554688,94030
2026-01-22 16:51:00+00:00,621.3499755859375,621.52001953125,621.2999877929688,621.4000244140625,75202
2026-01-22 16:54:00+00:00,621.4199829101562,621.6699829101562,621.3800048828125,621.469970703125,132610
2026-01-22 16:57:00+00:00,621.4500122070312,621.4600219726562,620.7899780273438,621.0903930664062,145828
2026-01-22 17:00:00+00:00,621.1099853515625,621.1099853515625,620.5900268554688,620.6400146484375,153525
2026-01-22 17:03:00+00:00,620.614990234375,621.2000122070312,620.5499877929688,621.0900268554688,156775
2026-01-22 17:06:00+00:00,621.1099853515625,621.22998046875,620.9600219726562,621.1400146484375,87588
2026-01-22 17:09:00+00:00,621.1600952148438,621.52001953125,621.0700073242188,621.25,133298
2026-01-22 17:12:00+00:00,621.2899780273438,621.5399780273438,621.0499877929688,621.0700073242188,77636
2026-01-22 17:15:00+00:00,621.0999755859375,621.489990234375,621.0599975585938,621.27001953125,60525
2026-01-22 17:18:00+00:00,621.2399291992188,621.2899780273438,620.7999877929688,621.0217895507812,66121
2026-01-22 17:21:00+00:00,621.0399780273438,621.1099853515625,620.739990234375,620.86669921875,89005
2026-01-22 17:24:00+00:00,620.8900146484375,621.119873046875,620.6500244140625,621.1082153320312,124928
2026-01-22 17:27:00+00:00,621.1300048828125,621.1599731445312,620.8300170898438,620.8300170898438,60851
2026-01-22 17:30:00+00:00,620.8400268554688,621.510009765625,620.7899780273438,621.4199829101562,101952
2026-01-22 17:33:00+00:00,621.4500122070312,621.8800048828125,621.2100219726562,621.7598876953125,122222
2026-01-22 17:36:00+00:00,621.7319946289062,621.8599853515625,621.510009765625,621.7384033203125,99402
2026-01-22 17:39:00+00:00,621.719970703125,621.7498779296875,621.4299926757812,621.510009765625,80901
2026-01-22 17:42:00+00:00,621.530029296875,621.9299926757812,621.530029296875,621.8201904296875,55983
2026-01-22 17:45:00+00:00,621.8300170898438,621.8599853515625,621.6041259765625,621.7780151367188,91739
2026-01-22 17:48:00+00:00,621.7899780273438,621.9500122070312,621.75,621.760009765625,71669
2026-01-22 17:51:00+00:00,621.760009765625,622.1099853515625,621.6900024414062,622.02001953125,108552
2026-01-22 17:54:00+00:00,622.0499877929688,622.1099853515625,621.8983764648438,621.9439697265625,68215
2026-01-22 17:57:00+00:00,621.97998046875,622.0800170898438,621.75,622.0750122070312,102297
2026-01-22 18:00:00+00:00,622.0709838867188,622.1900024414062,621.90087890625,621.989990234375,76123
2026-01-22 18:03:00+00:00,621.989990234375,622.239990234375,621.47998046875,621.8009033203125,265578
2026-01-22 18:06:00+00:00,621.8099975585938,622.1699829101562,621.77001953125,622.0494995117188,72539
2026-01-22 18:09:00+00:00,622.0499877929688,622.1798706054688,621.9041748046875,622.0200805664062,56590
2026-01-22 18:12:00+00:00,622.010009765625,622.0599975585938,621.6599731445312,621.760009765625,121738
2026-01-22 18:15:00+00:00,621.77001953125,621.8200073242188,621.4600219726562,621.6400146484375,83668
2026-01-22 18:18:00+00:00,621.6500244140625,621.6699829101562,621.280029296875,621.5,96753
2026-01-22 18:21:00+00:00,621.4998779296875,621.72998046875,621.468017578125,621.6400146484375,59620
2026-01-22 18:24:00+00:00,621.6300048828125,621.89990234375,621.5565795898438,621.8250122070312,53884
2026-01-22 18:27:00+00:00,621.8300170898438,621.8699951171875,621.5999755859375,621.739990234375,58206
2026-01-22 18:30:00+00:00,621.7899780273438,621.8593139648438,621.5800170898438,621.6400146484375,72416
2026-01-22 18:33:00+00:00,621.6497802734375,621.8800048828125,621.5700073242188,621.780029296875,76272
2026-01-22 18:36:00+00:00,621.7899780273438,621.8942260742188,621.6099853515625,621.6500244140625,72782
2026-01-22 18:39:00+00:00,621.77001953125,621.8499755859375,621.6300048828125,621.7999877929688,57799
2026-01-22 18:42:00+00:00,621.8121948242188,621.8699951171875,621.7000122070312,621.8400268554688,52969
2026-01-22 18:45:00+00:00,621.8200073242188,621.8800048828125,621.4500122070312,621.6900024414062,91903
2026-01-22 18:48:00+00:00,621.6998901367188,621.8076782226562,621.5642700195312,621.7620239257812,40044
2026-01-22 18:51:00+00:00,621.77001953125,621.9199829101562,621.5499877929688,621.5599975585938,70247
2026-01-22 18:54:00+00:00,621.5800170898438,621.6799926757812,621.2999877929688,621.3699951171875,117411
2026-01-22 18:57:00+00:00,621.3800048828125,621.3826904296875,620.969970703125,621.1199951171875,95088
2026-01-22 19:00:00+00:00,621.1099853515625,621.3889770507812,620.9000244140625,621.280029296875,139984
2026-01-22 19:03:00+00:00,621.0703735351562,621.510009765625,621.0,621.469970703125,73029
2026-01-22 19:06:00+00:00,621.489990234375,621.7799072265625,621.4716796875,621.6400146484375,101030
2026-01-22 19:09:00+00:00,621.6599731445312,621.6799926757812,621.3800048828125,621.6300048828125,56575
2026-01-22 19:12:00+00:00,621.6500244140625,621.860107421875,621.4500122070312,621.8499755859375,106006
2026-01-22 19:15:00+00:00,621.8400268554688,621.9500122070312,621.52001953125,621.6799926757812,90924
2026-01-22 19:18:00+00:00,621.6599731445312,621.8400268554688,621.5020141601562,621.7550048828125,37168
2026-01-22 19:21:00+00:00,621.77001953125,621.8699951171875,621.6599731445312,621.8499755859375,40829
2026-01-22 19:24:00+00:00,621.860595703125,621.9901123046875,621.760009765625,621.9400024414062,63744
2026-01-22 19:27:00+00:00,621.9500122070312,622.0,621.8099975585938,621.9600219726562,75036
2026-01-22 19:30:00+00:00,621.95458984375,622.030029296875,621.8670043945312,621.905029296875,57023
2026-01-22 19:33:00+00:00,621.9299926757812,621.94091796875,621.6300048828125,621.6649780273438,90554
2026-01-22 19:36:00+00:00,621.6699829101562,621.7520141601562,621.4299926757812,621.5,101654
2026-01-22 19:39:00+00:00,621.4749755859375,621.5499877929688,621.1400146484375,621.239990234375,85362
2026-01-22 19:42:00+00:00,621.219970703125,621.4500122070312,620.989990234375,621.1400146484375,126099
2026-01-22 19:45:00+00:00,621.1099853515625,621.2999267578125,620.8200073242188,620.8499755859375,100694
2026-01-22 19:48:00+00:00,620.8400268554688,621.085205078125,620.780029296875,620.8599853515625,100521
2026-01-22 19:51:00+00:00,620.8499145507812,621.22998046875,620.8099975585938,621.1599731445312,130901
2026-01-22 19:54:00+00:00,621.1500244140625,621.1500244140625,620.780029296875,620.8200073242188,79240
2026-01-22 19:57:00+00:00,620.8200073242188,620.9600219726562,620.3300170898438,620.4749755859375,172903
2026-01-22 20:00:00+00:00,620.469970703125,620.5286254882812,620.0499877929688,620.219970703125,209958
2026-01-22 20:03:00+00:00,620.2100219726562,620.5598754882812,620.0549926757812,620.4600219726562,13580798
2026-01-22 20:06:00+00:00,620.4600219726562,620.5399780273438,620.1900024414062,620.1900024414062,160430
2026-01-22 20:09:00+00:00,620.2000122070312,620.3400268554688,620.0900268554688,620.1600952148438,210710
2026-01-22 20:12:00+00:00,620.1699829101562,620.4099731445312,620.1400146484375,620.27001953125,103100
2026-01-22 20:15:00+00:00,620.27001953125,620.8250122070312,620.1699829101562,620.7000122070312,132592
2026-01-22 20:18:00+00:00,620.7000122070312,620.7449951171875,620.3699951171875,620.489990234375,103897
2026-01-22 20:21:00+00:00,620.469970703125,620.75,620.4500122070312,620.5700073242188,92458
2026-01-22 20:24:00+00:00,620.5700073242188,620.594970703125,620.260009765625,620.280029296875,14040518
2026-01-22 20:27:00+00:00,620.2899780273438,620.2899780273438,619.6699829101562,619.8399047851562,184722
2026-01-22 20:30:00+00:00,619.8250122070312,619.8800048828125,619.3201293945312,619.5399780273438,14568406
2026-01-22 20:33:00+00:00,619.5499877929688,619.6799926757812,619.1699829101562,619.4400024414062,150581
2026-01-22 20:36:00+00:00,619.4500122070312,619.4500122070312,618.9299926757812,619.030029296875,367775
2026-01-22 20:39:00+00:00,619.010009765625,619.3300170898438,618.9099731445312,619.1199951171875,207584
2026-01-22 20:42:00+00:00,619.110107421875,619.47998046875,619.0399780273438,619.2449951171875,334133
2026-01-22 20:45:00+00:00,619.27001953125,619.9000244140625,619.260009765625,619.8599853515625,249143
2026-01-22 20:48:00+00:00,619.8599853515625,619.9299926757812,619.6699829101562,619.8900146484375,179730
2026-01-22 20:51:00+00:00,619.8900146484375,620.4299926757812,619.8900146484375,620.3499755859375,336328
2026-01-22 20:54:00+00:00,620.3599853515625,620.5800170898438,620.2100219726562,620.4099731445312,299000
2026-01-22 20:57:00+00:00,620.3900146484375,620.780029296875,620.3699951171875,620.5499877929688,357169
2026-01-22 21:00:00+00:00,620.5499877929688,620.8200073242188,620.4400024414062,620.7899780273438,16689125
2026-01-23 14:30:00+00:00,619.6900024414062,620.6199951171875,619.4149780273438,620.0,1068571
2026-01-23 14:33:00+00:00,620.0,620.7999877929688,619.22998046875,619.6199951171875,454380
2026-01-23 14:36:00+00:00,619.6400146484375,620.0700073242188,619.0599975585938,619.8084716796875,473836
2026-01-23 14:39:00+00:00,619.8099975585938,619.9025268554688,618.6500244140625,618.959228515625,506012
2026-01-23 14:42:00+00:00,619.0,620.47998046875,618.6702880859375,620.1199951171875,412473
2026-01-23 14:45:00+00:00,620.1199951171875,620.3900146484375,619.5700073242188,620.1900024414062,271894
2026-01-23 14:48:00+00:00,620.2100219726562,620.4000244140625,619.0399780273438,619.3250122070312,229901
2026-01-23 14:51:00+00:00,619.3699951171875,620.25,619.0900268554688,620.1389770507812,190542
2026-01-23 14:54:00+00:00,620.1998901367188,620.3099975585938,619.8099975585938,620.102783203125,184258
2026-01-23 14:57:00+00:00,620.1199951171875,620.9180297851562,620.0194702148438,620.6400146484375,213484
2026-01-23 15:00:00+00:00,620.7000122070312,621.6699829101562,620.6799926757812,621.4000244140625,248803
2026-01-23 15:03:00+00:00,621.4199829101562,622.030029296875,621.1900024414062,622.010009765625,3829611
2026-01-23 15:06:00+00:00,622.02001953125,622.4099731445312,621.8366088867188,622.1849975585938,422722
2026-01-23 15:09:00+00:00,622.2000122070312,622.260009765625,621.6799926757812,622.0900268554688,262451
2026-01-23 15:12:00+00:00,622.0800170898438,622.219970703125,621.8699951171875,621.9199829101562,209491
2026-01-23 15:15:00+00:00,621.9000244140625,622.1799926757812,621.3900146484375,622.0800170898438,330185
2026-01-23 15:18:00+00:00,622.0800170898438,622.0999755859375,621.3499755859375,621.6199951171875,222657
2026-01-23 15:21:00+00:00,621.6199951171875,622.6099853515625,621.3599853515625,622.5,273289
2026-01-23 15:24:00+00:00,622.510009765625,623.2899780273438,622.489990234375,623.0599975585938,508855
2026-01-23 15:27:00+00:00,623.0750122070312,623.4600219726562,622.77001953125,623.0850219726562,450323
2026-01-23 15:30:00+00:00,623.0800170898438,623.4099731445312,622.9199829101562,623.260009765625,226824
2026-01-23 15:33:00+00:00,623.3599853515625,623.4199829101562,623.0900268554688,623.3400268554688,159658
2026-01-23 15:36:00+00:00,623.340087890625,623.9199829101562,623.3400268554688,623.739990234375,237994
2026-01-23 15:39:00+00:00,623.7442016601562,623.9299926757812,623.5900268554688,623.8300170898438,5593992
2026-01-23 15:42:00+00:00,623.8350219726562,623.9357299804688,623.5399780273438,623.8699951171875,236727
2026-01-23 15:45:00+00:00,623.7899780273438,623.9749755859375,623.6500244140625,623.7849731445312,151666
2026-01-23 15:48:00+00:00,623.7899780273438,624.405029296875,623.75,624.3900146484375,245254
2026-01-23 15:51:00+00:00,624.3900756835938,624.6699829101562,624.27001953125,624.469970703125,248860
2026-01-23 15:54:00+00:00,624.5999755859375,624.844970703125,624.4000244140625,624.739990234375,203398
2026-01-23 15:57:00+00:00,624.75,624.9400024414062,624.6300048828125,624.8654174804688,204652
2026-01-23 16:00:00+00:00,624.8300170898438,625.1599731445312,624.8099975585938,625.126708984375,293358
2026-01-23 16:03:00+00:00,625.1199951171875,625.3699951171875,625.0599975585938,625.3599853515625,356850
2026-01-23 16:06:00+00:00,625.3499755859375,625.39990234375,624.6799926757812,624.8200073242188,269053
2026-01-23 16:09:00+00:00,624.8499755859375,624.93798828125,624.4099731445312,624.93798828125,185860
2026-01-23 16:12:00+00:00,624.9127807617188,625.0750122070312,624.6799926757812,624.7999877929688,186922
2026-01-23 16:15:00+00:00,624.8298950195312,625.02001953125,624.7100219726562,624.7999877929688,124321
2026-01-23 16:18:00+00:00,624.780029296875,624.9957885742188,624.5599975585938,624.9957885742188,166162
2026-01-23 16:21:00+00:00,625.0,625.010009765625,624.5900268554688,624.6300048828125,146275
2026-01-23 16:24:00+00:00,624.6199951171875,624.7000122070312,624.47998046875,624.685791015625,174918
2026-01-23 16:27:00+00:00,624.6799926757812,624.75,624.1799926757812,624.1950073242188,164045
2026-01-23 16:30:00+00:00,624.2050170898438,624.3699951171875,623.8170776367188,623.9500122070312,7829721
2026-01-23 16:33:00+00:00,623.9500122070312,623.9500122070312,623.3800048828125,623.530029296875,166245
2026-01-23 16:36:00+00:00,623.52001953125,624.1300048828125,623.3812255859375,624.0700073242188,252506
2026-01-23 16:39:00+00:00,624.0750122070312,624.8300170898438,624.0399780273438,624.69970703125,225958
2026-01-23 16:42:00+00:00,624.6900024414062,624.9199829101562,624.5,624.7098999023438,202407
2026-01-23 16:45:00+00:00,624.7000122070312,624.72998046875,624.1599731445312,624.2000122070312,170113
2026-01-23 16:48:00+00:00,624.2100219726562,624.7899780273438,624.1599731445312,624.7000122070312,119845
2026-01-23 16:51:00+00:00,624.7000122070312,624.9600219726562,624.5599975585938,624.6400146484375,220915
2026-01-23 16:54:00+00:00,624.6400146484375,624.7100219726562,624.2100219726562,624.4600219726562,152686
2026-01-23 16:57:00+00:00,624.469970703125,624.489990234375,624.1875,624.25,119873
2026-01-23 17:00:00+00:00,624.22998046875,624.3400268554688,623.510009765625,623.6500244140625,180232
2026-01-23 17:03:00+00:00,623.6500244140625,624.0499877929688,623.5399780273438,623.9299926757812,156946
2026-01-23 17:06:00+00:00,623.9244995117188,624.3200073242188,623.760009765625,623.8099975585938,106641
2026-01-23 17:09:00+00:00,623.8049926757812,624.22998046875,623.8049926757812,623.871826171875,99227
2026-01-23 17:12:00+00:00,623.9000244140625,624.219970703125,623.7200927734375,624.1300048828125,86982
2026-01-23 17:15:00+00:00,624.1300048828125,624.489990234375,624.0900268554688,624.3699951171875,107953
2026-01-23 17:18:00+00:00,624.3300170898438,624.3599853515625,623.9199829101562,624.0700073242188,99820
2026-01-23 17:21:00+00:00,624.0800170898438,624.1900024414062,623.8499755859375,623.8900756835938,65590
2026-01-23 17:24:00+00:00,623.8900146484375,624.114990234375,623.8200073242188,623.8358154296875,53698
2026-01-23 17:27:00+00:00,623.8599853515625,624.1900024414062,623.8300170898438,624.0999755859375,85414
2026-01-23 17:30:00+00:00,624.1099853515625,624.4400024414062,623.8699951171875,624.094970703125,117452
2026-01-23 17:33:00+00:00,624.1099853515625,624.2457885742188,623.719970703125,623.9099731445312,9398303
2026-01-23 17:36:00+00:00,623.9099731445312,624.04931640625,623.6799926757812,623.9400024414062,102238
2026-01-23 17:39:00+00:00,623.9400024414062,624.0300903320312,623.5800170898438,623.7100219726562,101531
2026-01-23 17:42:00+00:00,623.2999877929688,623.760009765625,622.75,622.75,240047
2026-01-23 17:45:00+00:00,622.6300048828125,622.9299926757812,622.5,622.844970703125,303366
2026-01-23 17:48:00+00:00,622.2849731445312,622.9000244140625,622.0999755859375,622.6099243164062,281028
2026-01-23 17:51:00+00:00,622.5999755859375,622.719970703125,621.9099731445312,622.0900268554688,176549
2026-01-23 17:54:00+00:00,622.0549926757812,622.0999755859375,621.5900268554688,621.7899780273438,232602
2026-01-23 17:57:00+00:00,621.7899780273438,622.3300170898438,621.760009765625,621.77001953125,206455
2026-01-23 18:00:00+00:00,621.780029296875,622.0599975585938,621.5349731445312,621.8300170898438,247464
2026-01-23 18:03:00+00:00,621.8109130859375,622.530029296875,621.77001953125,622.4119873046875,207974
2026-01-23 18:06:00+00:00,622.4099731445312,622.510009765625,622.0150146484375,622.4199829101562,194898
2026-01-23 18:09:00+00:00,622.4000244140625,623.1199951171875,622.239990234375,623.0499877929688,209790
2026-01-23 18:12:00+00:00,623.1099853515625,623.3499755859375,622.780029296875,622.8099975585938,149394
2026-01-23 18:15:00+00:00,622.8200073242188,622.8900146484375,622.5700073242188,622.75,106156
2026-01-23 18:18:00+00:00,622.7412719726562,623.3400268554688,622.6099853515625,623.25,168166
2026-01-23 18:21:00+00:00,623.2349853515625,623.4500122070312,622.7100219726562,623.1199951171875,140598
2026-01-23 18:24:00+00:00,623.0900268554688,623.2899780273438,623.02001953125,623.2000122070312,65482
2026-01-23 18:27:00+00:00,623.1699829101562,623.47998046875,623.1699829101562,623.3699951171875,116992
2026-01-23 18:30:00+00:00,623.3798828125,623.4879760742188,623.1699829101562,623.35009765625,82241
2026-01-23 18:33:00+00:00,623.3599853515625,623.4400024414062,622.8800048828125,622.8800048828125,11200360
2026-01-23 18:36:00+00:00,622.8800048828125,623.02001953125,622.5499877929688,622.7598876953125,71579
2026-01-23 18:39:00+00:00,622.75,623.3599853515625,622.6699829101562,623.260009765625,295773
2026-01-23 18:42:00+00:00,623.2999877929688,623.3200073242188,622.7999877929688,622.89501953125,113530
2026-01-23 18:45:00+00:00,622.8900146484375,622.9500122070312,622.280029296875,622.5499877929688,117757
2026-01-23 18:48:00+00:00,622.5599975585938,622.8400268554688,622.52001953125,622.530029296875,107860
2026-01-23 18:51:00+00:00,622.52001953125,622.9298706054688,622.3599853515625,622.4500122070312,92449
2026-01-23 18:54:00+00:00,622.4400024414062,622.6599731445312,622.4400024414062,622.5900268554688,73585
2026-01-23 18:57:00+00:00,622.5999755859375,622.889892578125,622.4600219726562,622.6599731445312,11796917
2026-01-23 19:00:00+00:00,622.6699829101562,622.9650268554688,622.52001953125,622.739990234375,89617
2026-01-23 19:03:00+00:00,622.75,623.125,622.5800170898438,623.1199951171875,133515
2026-01-23 19:06:00+00:00,623.1300048828125,623.3599853515625,623.0399780273438,623.2899169921875,150563
2026-01-23 19:09:00+00:00,623.280029296875,623.5700073242188,623.1799926757812,623.4500122070312,131465
2026-01-23 19:12:00+00:00,623.4500122070312,623.469970703125,623.0399780273438,623.2750244140625,118655
2026-01-23 19:15:00+00:00,623.280029296875,623.3099975585938,622.9500122070312,623.1065063476562,11889098
2026-01-23 19:18:00+00:00,623.1199951171875,623.3599243164062,623.0499877929688,623.3200073242188,85580
2026-01-23 19:21:00+00:00,623.3101196289062,623.72998046875,623.2249755859375,623.6699829101562,136645
2026-01-23 19:24:00+00:00,623.6699829101562,623.739990234375,623.4600219726562,623.6300048828125,80671
2026-01-23 19:27:00+00:00,623.5999755859375,623.6699829101562,623.5,623.5549926757812,48087
2026-01-23 19:30:00+00:00,623.52001953125,623.5999755859375,622.8699951171875,623.173095703125,115976
2026-01-23 19:33:00+00:00,623.1799926757812,623.3400268554688,623.1099853515625,623.2000122070312,12811143
2026-01-23 19:36:00+00:00,623.22998046875,623.239990234375,622.8599853515625,622.8660278320312,107607
2026-01-23 19:39:00+00:00,622.8699951171875,623.010009765625,622.5999755859375,622.739990234375,129185
2026-01-23 19:42:00+00:00,622.75,622.8350219726562,622.4099731445312,622.7849731445312,115540
2026-01-23 19:45:00+00:00,622.7849731445312,623.1300048828125,622.7642211914062,622.9298706054688,165378
2026-01-23 19:48:00+00:00,622.9299926757812,623.1799926757812,622.7550048828125,622.8599853515625,98426
2026-01-23 19:51:00+00:00,622.8900146484375,623.1599731445312,622.6849975585938,623.114990234375,79399
2026-01-23 19:54:00+00:00,623.0900268554688,623.1199951171875,622.8599853515625,622.9400024414062,74379
2026-01-23 19:57:00+00:00,622.9598999023438,623.1300048828125,622.8900146484375,623.02001953125,80236
2026-01-23 20:00:00+00:00,623.010009765625,623.25,622.7899780273438,622.9500122070312,142026
2026-01-23 20:03:00+00:00,623.0001831054688,623.1199951171875,622.739990234375,622.77001953125,106208
2026-01-23 20:06:00+00:00,622.7750244140625,622.8699951171875,622.5,622.5250244140625,12821886
2026-01-23 20:09:00+00:00,622.5399780273438,622.7000122070312,622.1199951171875,622.1199951171875,151746
2026-01-23 20:12:00+00:00,622.1099853515625,622.3300170898438,621.7399291992188,622.3099975585938,288676
2026-01-23 20:15:00+00:00,622.3200073242188,622.7241821289062,622.2849731445312,622.6358032226562,125843
2026-01-23 20:18:00+00:00,622.630126953125,623.0186767578125,622.5900268554688,622.9401245117188,123043
2026-01-23 20:21:00+00:00,622.9400024414062,622.97998046875,622.4600219726562,622.5449829101562,13373804
2026-01-23 20:24:00+00:00,622.5700073242188,622.6599731445312,622.3900146484375,622.4000244140625,137613
2026-01-23 20:27:00+00:00,622.4000244140625,622.5598754882812,622.1849975585938,622.5,137277
2026-01-23 20:30:00+00:00,622.5,622.5,621.989990234375,622.0758056640625,266145
2026-01-23 20:33:00+00:00,621.9099731445312,622.1099853515625,621.8599853515625,622.0499877929688,13726619
2026-01-23 20:36:00+00:00,622.0349731445312,622.25,621.97998046875,622.0399780273438,178775
2026-01-23 20:39:00+00:00,622.02001953125,622.25,621.8599853515625,622.1749877929688,149881
2026-01-23 20:42:00+00:00,622.1799926757812,622.659912109375,622.1699829101562,622.52001953125,169337
2026-01-23 20:45:00+00:00,622.47998046875,622.8099975585938,622.4600830078125,622.6699829101562,132272
2026-01-23 20:48:00+00:00,622.6799926757812,622.8400268554688,622.6099853515625,622.8400268554688,122814
2026-01-23 20:51:00+00:00,622.8400268554688,622.9400024414062,622.4000244140625,622.4400024414062,523373
2026-01-23 20:54:00+00:00,622.4299926757812,622.7911987304688,622.280029296875,622.7750244140625,343792
2026-01-23 20:57:00+00:00,622.7750244140625,623.0,622.510009765625,622.9600219726562,395501
2026-01-23 21:00:00+00:00,623.1611938476562,623.260009765625,622.6699829101562,622.780029296875,807167
2026-01-26 14:30:00+00:00,623.1900024414062,623.4400024414062,622.1199951171875,622.4199829101562,931042
2026-01-26 14:33:00+00:00,622.4299926757812,623.6699829101562,622.4000244140625,623.510009765625,404178
2026-01-26 14:36:00+00:00,623.52001953125,624.3599853515625,623.4400024414062,624.3099975585938,389259
2026-01-26 14:39:00+00:00,624.2899780273438,624.3300170898438,623.780029296875,624.25,396277
2026-01-26 14:42:00+00:00,624.239990234375,625.072509765625,623.6799926757812,624.2899780273438,477851
2026-01-26 14:45:00+00:00,624.2999877929688,625.223388671875,624.2000732421875,625.0399780273438,257560
2026-01-26 14:48:00+00:00,625.0399780273438,625.2100219726562,624.6300048828125,624.8400268554688,2195161
2026-01-26 14:51:00+00:00,624.8400268554688,624.969970703125,624.489990234375,624.7487182617188,201991
2026-01-26 14:54:00+00:00,624.760009765625,625.340087890625,624.6900024414062,624.9400024414062,235182
2026-01-26 14:57:00+00:00,624.9600219726562,625.594970703125,624.9299926757812,625.5800170898438,194315
2026-01-26 15:00:00+00:00,625.5999755859375,625.6900024414062,625.1500244140625,625.3400268554688,279075
2026-01-26 15:03:00+00:00,625.3699951171875,625.4500122070312,625.0399780273438,625.2100219726562,202198
2026-01-26 15:06:00+00:00,625.1900024414062,625.5800170898438,625.1849975585938,625.2501220703125,125677
2026-01-26 15:09:00+00:00,625.25,625.3900146484375,624.9000244140625,624.9299926757812,256413
2026-01-26 15:12:00+00:00,624.9400024414062,625.0800170898438,624.4550170898438,624.7100830078125,262980
2026-01-26 15:15:00+00:00,624.719970703125,625.4199829101562,624.7100219726562,625.2050170898438,190588
2026-01-26 15:18:00+00:00,625.1900024414062,625.8599853515625,625.0999755859375,625.739990234375,197438
2026-01-26 15:21:00+00:00,625.719970703125,626.4500122070312,625.6804809570312,626.3800048828125,332459
2026-01-26 15:24:00+00:00,626.3800048828125,626.385009765625,626.1699829101562,626.3051147460938,172613
2026-01-26 15:27:00+00:00,626.3049926757812,626.3150024414062,625.489990234375,625.75,193741
2026-01-26 15:30:00+00:00,625.739990234375,625.8800048828125,625.3200073242188,625.6300048828125,3827762
2026-01-26 15:33:00+00:00,625.6099853515625,626.0599975585938,625.3499755859375,625.760009765625,179172
2026-01-26 15:36:00+00:00,625.8099975585938,626.25,625.5599975585938,626.2000122070312,139617
2026-01-26 15:39:00+00:00,626.2100219726562,626.260009765625,625.8599853515625,625.9000244140625,106131
2026-01-26 15:42:00+00:00,625.9099731445312,625.97998046875,625.260009765625,625.5798950195312,149788
2026-01-26 15:45:00+00:00,625.6099853515625,625.8099975585938,625.2000122070312,625.72998046875,170389
2026-01-26 15:48:00+00:00,625.719970703125,626.1500244140625,625.6900024414062,626.0700073242188,145392
2026-01-26 15:51:00+00:00,626.0601196289062,626.4598999023438,625.9219970703125,626.3400268554688,161370
2026-01-26 15:54:00+00:00,626.3350219726562,626.6699829101562,626.169921875,626.4849853515625,177494
2026-01-26 15:57:00+00:00,626.489990234375,626.75,626.2899780273438,626.4035034179688,169587
2026-01-26 16:00:00+00:00,626.3900146484375,626.6699829101562,625.989990234375,626.5599975585938,280373
2026-01-26 16:03:00+00:00,626.5599975585938,626.5601806640625,626.2999877929688,626.3900146484375,191657
2026-01-26 16:06:00+00:00,626.4000244140625,626.510009765625,626.280029296875,626.4799194335938,113172
2026-01-26 16:09:00+00:00,626.4600219726562,626.5900268554688,626.1500244140625,626.5358276367188,129926
2026-01-26 16:12:00+00:00,626.5399780273438,626.6900024414062,626.3400268554688,626.52001953125,120282
2026-01-26 16:15:00+00:00,626.510009765625,626.5800170898438,626.3499755859375,626.3900146484375,106414
2026-01-26 16:18:00+00:00,626.3599853515625,626.4400024414062,626.030029296875,626.0599975585938,116690
2026-01-26 16:21:00+00:00,626.0737915039062,626.2899780273438,625.6199951171875,626.260009765625,189274
2026-01-26 16:24:00+00:00,626.27001953125,626.6400146484375,626.1799926757812,626.5900268554688,161021
2026-01-26 16:27:00+00:00,626.5800170898438,626.8200073242188,626.4199829101562,626.8099975585938,145473
2026-01-26 16:30:00+00:00,626.7999877929688,627.1090087890625,626.6900024414062,626.9901123046875,237600
2026-01-26 16:33:00+00:00,627.030029296875,627.4400024414062,626.969970703125,627.0900268554688,233900
2026-01-26 16:36:00+00:00,627.0800170898438,627.0900268554688,626.7100219726562,626.9099731445312,171721
2026-01-26 16:39:00+00:00,626.9199829101562,627.22998046875,626.8300170898438,626.9299926757812,152986
2026-01-26 16:42:00+00:00,626.9400024414062,627.030029296875,626.6799926757812,626.739990234375,96515
2026-01-26 16:45:00+00:00,626.75,626.8200073242188,626.5700073242188,626.7550048828125,102013
2026-01-26 16:48:00+00:00,626.77001953125,626.97998046875,626.489990234375,626.5650024414062,6034296
2026-01-26 16:51:00+00:00,626.56201171875,626.9550170898438,626.4949951171875,626.8900146484375,116815
2026-01-26 16:54:00+00:00,626.8699951171875,626.9299926757812,626.75,626.8099975585938,69215
2026-01-26 16:57:00+00:00,626.8200073242188,626.9500122070312,626.739990234375,626.9199829101562,70592
2026-01-26 17:00:00+00:00,626.9099731445312,627.0399780273438,626.8300170898438,626.966796875,103264
2026-01-26 17:03:00+00:00,626.9600219726562,627.3900146484375,626.9600219726562,627.22998046875,163691
2026-01-26 17:06:00+00:00,627.25,627.6099853515625,627.25,627.4400024414062,147566
2026-01-26 17:09:00+00:00,627.4099731445312,627.47998046875,627.1201782226562,627.1400146484375,108071
2026-01-26 17:12:00+00:00,627.1599731445312,627.2000122070312,626.97998046875,627.0999755859375,118205
2026-01-26 17:15:00+00:00,627.1242065429688,627.2000122070312,626.969970703125,627.0,86688
2026-01-26 17:18:00+00:00,627.010009765625,627.239990234375,626.9600219726562,627.0800170898438,65096
2026-01-26 17:21:00+00:00,627.0700073242188,627.22998046875,627.030029296875,627.1900024414062,71963
2026-01-26 17:24:00+00:00,627.1799926757812,627.4301147460938,627.110107421875,627.3200073242188,78652
2026-01-26 17:27:00+00:00,627.3300170898438,627.4199829101562,627.2550048828125,627.280029296875,88020
2026-01-26 17:30:00+00:00,627.27001953125,627.2999877929688,626.9400024414062,626.9550170898438,91830
2026-01-26 17:33:00+00:00,626.9500122070312,627.0499877929688,626.7949829101562,626.7999877929688,115539
2026-01-26 17:36:00+00:00,626.7999877929688,627.0800170898438,626.739990234375,626.9990234375,83444
2026-01-26 17:39:00+00:00,626.989990234375,627.1599731445312,626.9730834960938,627.0599975585938,69879
2026-01-26 17:42:00+00:00,627.0700073242188,627.1300048828125,626.9400024414062,627.02001953125,52057
2026-01-26 17:45:00+00:00,627.02001953125,627.0700073242188,626.72998046875,626.760009765625,59243
2026-01-26 17:48:00+00:00,626.75,626.8699951171875,626.5449829101562,626.5899047851562,94516
2026-01-26 17:51:00+00:00,626.5900268554688,626.85498046875,626.3599853515625,626.739990234375,8162737
2026-01-26 17:54:00+00:00,626.719970703125,626.72998046875,626.5499877929688,626.6199951171875,76021
2026-01-26 17:57:00+00:00,626.6300048828125,626.760009765625,626.4301147460938,626.6900024414062,52772
2026-01-26 18:00:00+00:00,626.7100219726562,626.77001953125,626.3300170898438,626.469970703125,78916
2026-01-26 18:03:00+00:00,626.4600219726562,626.72998046875,626.4301147460938,626.6400146484375,56514
2026-01-26 18:06:00+00:00,626.6400146484375,626.7000122070312,626.3300170898438,626.4724731445312,79430
2026-01-26 18:09:00+00:00,626.49951171875,626.5750122070312,626.1701049804688,626.3026733398438,77049
2026-01-26 18:12:00+00:00,626.3035888671875,626.489990234375,626.2100219726562,626.4450073242188,91652
2026-01-26 18:15:00+00:00,626.4500122070312,626.5349731445312,626.219970703125,626.3150024414062,64940
2026-01-26 18:18:00+00:00,626.3286743164062,626.844970703125,626.25,626.72998046875,96671
2026-01-26 18:21:00+00:00,626.739990234375,626.9500122070312,626.739990234375,626.9199829101562,77297
2026-01-26 18:24:00+00:00,626.9199829101562,627.1300048828125,626.85498046875,627.02001953125,86512
2026-01-26 18:27:00+00:00,627.02001953125,627.0599975585938,626.8400268554688,626.9249877929688,260808
2026-01-26 18:30:00+00:00,626.9249877929688,627.3099975585938,626.8900146484375,627.280029296875,117969
2026-01-26 18:33:00+00:00,627.2750244140625,627.5499877929688,627.260009765625,627.3499755859375,108478
2026-01-26 18:36:00+00:00,627.3499755859375,627.3900146484375,627.06640625,627.0899047851562,122016
2026-01-26 18:39:00+00:00,627.0700073242188,627.1749877929688,626.8300170898438,626.8800048828125,80815
2026-01-26 18:42:00+00:00,626.875,626.9199829101562,626.6199951171875,626.7349853515625,112685
2026-01-26 18:45:00+00:00,626.7501220703125,626.8499755859375,626.552001953125,626.5999755859375,67843
2026-01-26 18:48:00+00:00,626.5999755859375,626.7000122070312,626.4600219726562,626.47998046875,106174
2026-01-26 18:51:00+00:00,626.489990234375,626.9199829101562,626.489990234375,626.739990234375,87933
2026-01-26 18:54:00+00:00,626.739990234375,626.8699951171875,626.72998046875,626.8400268554688,54301
2026-01-26 18:57:00+00:00,626.8699951171875,626.8800048828125,626.7100219726562,626.7550048828125,65567
2026-01-26 19:00:00+00:00,626.760009765625,626.8800048828125,626.7100219726562,626.7849731445312,64934
2026-01-26 19:03:00+00:00,626.7999877929688,627.02001953125,626.6500244140625,626.7015991210938,59782
2026-01-26 19:06:00+00:00,626.6799926757812,626.9000244140625,626.6500244140625,626.8800048828125,85111
2026-01-26 19:09:00+00:00,626.8699951171875,627.0499877929688,626.8201293945312,626.97998046875,53993
2026-01-26 19:12:00+00:00,626.989990234375,627.1300048828125,626.969970703125,627.0999755859375,64853
2026-01-26 19:15:00+00:00,627.10498046875,627.114990234375,626.9749755859375,627.0599975585938,54033
2026-01-26 19:18:00+00:00,627.0449829101562,627.0958251953125,626.8699951171875,626.9000244140625,58882
2026-01-26 19:21:00+00:00,626.8900146484375,627.02001953125,626.5700073242188,626.6199951171875,85392
